SCHEMA,OBJECT_TYPE,OBJECT_NAME,COLUMN_NAME,PRIMARY_KEY,FOREIGN_KEY,UNIQUE_KEY,DATA_TYPE,NULLABLE,DEFAULT_VALUE,OBJECT_FULL_NAME
meta,VIEW,_U_V_IF_TF_OBJECT_v,SCHEMA,NO,NO,NO,nvarchar(256),YES,,cTrader.meta._U_V_IF_TF_OBJECT_v
meta,VIEW,_U_V_IF_TF_OBJECT_v,OBJECT_TYPE,NO,NO,NO,nvarchar(120),YES,,cTrader.meta._U_V_IF_TF_OBJECT_v
meta,VIEW,_U_V_IF_TF_OBJECT_v,OBJECT_NAME,NO,NO,NO,sysname,NO,,cTrader.meta._U_V_IF_TF_OBJECT_v
meta,VIEW,_U_V_IF_TF_OBJECT_v,COLUMN_NAME,NO,NO,NO,sysname,YES,,cTrader.meta._U_V_IF_TF_OBJECT_v
meta,VIEW,_U_V_IF_TF_OBJECT_v,PRIMARY_KEY,NO,NO,NO,varchar(3),NO,,cTrader.meta._U_V_IF_TF_OBJECT_v
meta,VIEW,_U_V_IF_TF_OBJECT_v,FOREIGN_KEY,NO,NO,NO,varchar(3),NO,,cTrader.meta._U_V_IF_TF_OBJECT_v
meta,VIEW,_U_V_IF_TF_OBJECT_v,UNIQUE_KEY,NO,NO,NO,varchar(3),NO,,cTrader.meta._U_V_IF_TF_OBJECT_v
meta,VIEW,_U_V_IF_TF_OBJECT_v,DATA_TYPE,NO,NO,NO,nvarchar(382),YES,,cTrader.meta._U_V_IF_TF_OBJECT_v
meta,VIEW,_U_V_IF_TF_OBJECT_v,NULLABLE,NO,NO,NO,varchar(3),NO,,cTrader.meta._U_V_IF_TF_OBJECT_v
meta,VIEW,_U_V_IF_TF_OBJECT_v,DEFAULT_VALUE,NO,NO,NO,nvarchar,NO,,cTrader.meta._U_V_IF_TF_OBJECT_v
trd,TABLE,account,ID,YES,NO,NO,int,NO,,cTrader.trd.account
trd,TABLE,account,accountNumber,NO,NO,YES,varchar(50),NO,,cTrader.trd.account
trd,TABLE,account,accountTypeID,NO,YES,NO,int,NO,,cTrader.trd.account
trd,TABLE,account,platformID,NO,YES,YES,int,NO,,cTrader.trd.account
trd,TABLE,account,brokerID,NO,YES,YES,int,NO,,cTrader.trd.account
trd,TABLE,account,clientID,NO,YES,NO,int,NO,,cTrader.trd.account
trd,TABLE,account,currencyID,NO,YES,NO,int,NO,,cTrader.trd.account
trd,TABLE,account,modifiedDate,NO,NO,NO,datetime,NO,(getdate()),cTrader.trd.account
trd,TABLE,accountType,ID,YES,NO,NO,int,NO,,cTrader.trd.accountType
trd,TABLE,accountType,typeCode,NO,NO,YES,varchar(20),NO,,cTrader.trd.accountType
trd,TABLE,accountType,typeName,NO,NO,NO,nvarchar(200),NO,,cTrader.trd.accountType
trd,TABLE,accountType,description,NO,NO,NO,nvarchar(1000),YES,,cTrader.trd.accountType
trd,TABLE,accountType,leverage,NO,NO,NO,"decimal(10,2)",YES,,cTrader.trd.accountType
trd,TABLE,accountType,minDeposit,NO,NO,NO,"decimal(18,2)",YES,,cTrader.trd.accountType
tms,TABLE,activeTickers,tickerJID,NO,YES,NO,int,YES,,cTrader.tms.activeTickers
tms,TABLE,activeTickers,isActive,NO,NO,NO,bit,YES,(NULL),cTrader.tms.activeTickers
tms,TABLE,activeTickers,brokerID,NO,YES,NO,int,YES,,cTrader.tms.activeTickers
tms,TABLE,activeTickers,modified,NO,NO,NO,datetime,YES,(getdate()),cTrader.tms.activeTickers
tms,VIEW,activeTickers_v,classCode,NO,NO,NO,varchar(20),NO,,cTrader.tms.activeTickers_v
tms,VIEW,activeTickers_v,ticker,NO,NO,NO,nvarchar(100),NO,,cTrader.tms.activeTickers_v
tms,VIEW,activeTickers_v,tickerID,NO,NO,NO,int,NO,,cTrader.tms.activeTickers_v
tms,VIEW,activeTickers_v,name,NO,NO,NO,nvarchar(200),NO,,cTrader.tms.activeTickers_v
tms,VIEW,activeTickers_v,lotSize,NO,NO,NO,"decimal(18,2)",NO,,cTrader.tms.activeTickers_v
tms,VIEW,activeTickers_v,isActive,NO,NO,NO,bit,YES,,cTrader.tms.activeTickers_v
ref,TABLE,assetClasses,ID,YES,NO,NO,int,NO,,cTrader.ref.assetClasses
ref,TABLE,assetClasses,clName,NO,NO,YES,nvarchar(200),NO,,cTrader.ref.assetClasses
ref,TABLE,assetClasses,clCode,NO,NO,YES,varchar(20),NO,,cTrader.ref.assetClasses
ref,TABLE,assetClasses,clDescription,NO,NO,NO,nvarchar(1000),YES,,cTrader.ref.assetClasses
ref,TABLE,assetMasterTable,ID,YES,NO,NO,int,NO,,cTrader.ref.assetMasterTable
ref,TABLE,assetMasterTable,ticker,NO,NO,YES,nvarchar(100),NO,,cTrader.ref.assetMasterTable
ref,TABLE,assetMasterTable,name,NO,NO,NO,nvarchar(200),NO,,cTrader.ref.assetMasterTable
ref,TABLE,assetMasterTable,unit,NO,NO,NO,nvarchar(40),NO,,cTrader.ref.assetMasterTable
ref,TABLE,assetMasterTable,lot_size,NO,NO,NO,"decimal(18,2)",NO,((100000)),cTrader.ref.assetMasterTable
ref,TABLE,assetMasterTable,pip_size,NO,NO,NO,"decimal(18,6)",NO,((0.0001)),cTrader.ref.assetMasterTable
ref,TABLE,assetMasterTable,created_date,NO,NO,NO,datetime,YES,(getdate()),cTrader.ref.assetMasterTable
ref,TABLE,assetMasterTable,assetClassID,NO,YES,NO,int,NO,,cTrader.ref.assetMasterTable
ref,TABLE,assetMasterTable,brokerID,NO,YES,NO,int,YES,,cTrader.ref.assetMasterTable
tms,TABLE,bars,ID,YES,NO,NO,bigint,NO,,cTrader.tms.bars
tms,TABLE,bars,TickerJID,NO,YES,YES,int,NO,,cTrader.tms.bars
tms,TABLE,bars,barTime,NO,NO,YES,datetime,NO,,cTrader.tms.bars
tms,TABLE,bars,timeframeID,NO,YES,YES,int,NO,,cTrader.tms.bars
tms,TABLE,bars,openValue,NO,NO,NO,float,NO,,cTrader.tms.bars
tms,TABLE,bars,closeValue,NO,NO,NO,float,NO,,cTrader.tms.bars
tms,TABLE,bars,highValue,NO,NO,NO,float,NO,,cTrader.tms.bars
tms,TABLE,bars,lowValue,NO,NO,NO,float,NO,,cTrader.tms.bars
tms,TABLE,bars,sourceID,NO,YES,NO,int,NO,,cTrader.tms.bars
trd,TABLE,brokers,ID,YES,NO,NO,int,NO,,cTrader.trd.brokers
trd,TABLE,brokers,brokerCode,NO,NO,YES,varchar(20),NO,,cTrader.trd.brokers
trd,TABLE,brokers,brokerName,NO,NO,NO,nvarchar(200),NO,,cTrader.trd.brokers
trd,TABLE,brokers,email,NO,NO,YES,nvarchar(510),NO,,cTrader.trd.brokers
trd,TABLE,brokers,phone,NO,NO,NO,nvarchar(100),YES,,cTrader.trd.brokers
trd,TABLE,brokers,website,NO,NO,NO,nvarchar(510),YES,,cTrader.trd.brokers
algo,TABLE,cBot,ID,YES,NO,NO,int,NO,,cTrader.algo.cBot
algo,TABLE,cBot,cBotTypeID,NO,YES,NO,int,NO,,cTrader.algo.cBot
algo,TABLE,cBot,modified,NO,NO,NO,datetime,YES,(getdate()),cTrader.algo.cBot
algo,TABLE,cBotType,ID,YES,NO,NO,int,NO,,cTrader.algo.cBotType
algo,TABLE,cBotType,cBotTypeName,NO,NO,YES,nvarchar(50),NO,,cTrader.algo.cBotType
algo,TABLE,cBotType,typeDescription,NO,NO,NO,nvarchar(510),YES,,cTrader.algo.cBotType
algo,TABLE,cBotType,platformID,NO,YES,YES,int,NO,,cTrader.algo.cBotType
trd,TABLE,client,ID,YES,NO,NO,int,NO,,cTrader.trd.client
trd,TABLE,client,clientCode,NO,NO,YES,varchar(20),NO,,cTrader.trd.client
trd,TABLE,client,firstName,NO,NO,NO,nvarchar(200),NO,,cTrader.trd.client
trd,TABLE,client,lastName,NO,NO,NO,nvarchar(200),NO,,cTrader.trd.client
trd,TABLE,client,email,NO,NO,YES,nvarchar(510),NO,,cTrader.trd.client
trd,TABLE,client,phone,NO,NO,NO,nvarchar(100),YES,,cTrader.trd.client
algo,TABLE,ConfigurationSets,Id,YES,NO,NO,int,NO,,cTrader.algo.ConfigurationSets
algo,TABLE,ConfigurationSets,ParameterSetId,NO,YES,NO,int,NO,,cTrader.algo.ConfigurationSets
algo,TABLE,ConfigurationSets,ParameterValuesJson,NO,NO,NO,nvarchar,NO,,cTrader.algo.ConfigurationSets
algo,TABLE,ConfigurationSets,CreatedAt,NO,NO,NO,datetime,YES,(getdate()),cTrader.algo.ConfigurationSets
algo,TABLE,ConfigurationSets,hashForSet,NO,NO,NO,varbinary,YES,,cTrader.algo.ConfigurationSets
trd,TABLE,currency,ID,YES,NO,NO,int,NO,,cTrader.trd.currency
trd,TABLE,currency,currencyCode,NO,NO,YES,char(3),NO,,cTrader.trd.currency
trd,TABLE,currency,currencyCode,NO,NO,YES,char(3),NO,,cTrader.trd.currency
trd,TABLE,currency,currencyName,NO,NO,NO,nvarchar(100),NO,,cTrader.trd.currency
tms,TABLE,EMA,ID,YES,NO,NO,bigint,NO,,cTrader.tms.EMA
tms,TABLE,EMA,BarID,NO,YES,YES,bigint,NO,,cTrader.tms.EMA
tms,TABLE,EMA,TickerJID,NO,YES,NO,int,NO,,cTrader.tms.EMA
tms,TABLE,EMA,BarTime,NO,NO,NO,datetime,NO,,cTrader.tms.EMA
tms,TABLE,EMA,TimeFrameID,NO,NO,NO,int,NO,,cTrader.tms.EMA
tms,TABLE,EMA,EMA_5_SHORT,NO,NO,NO,"decimal(18,8)",YES,,cTrader.tms.EMA
tms,TABLE,EMA,EMA_9_MACD_SIGNAL,NO,NO,NO,"decimal(18,8)",YES,,cTrader.tms.EMA
tms,TABLE,EMA,EMA_12_MACD_FAST,NO,NO,NO,"decimal(18,8)",YES,,cTrader.tms.EMA
tms,TABLE,EMA,EMA_20_SHORT,NO,NO,NO,"decimal(18,8)",YES,,cTrader.tms.EMA
tms,TABLE,EMA,EMA_26_MACD_SLOW,NO,NO,NO,"decimal(18,8)",YES,,cTrader.tms.EMA
tms,TABLE,EMA,EMA_50_MEDIUM,NO,NO,NO,"decimal(18,8)",YES,,cTrader.tms.EMA
tms,TABLE,EMA,EMA_100_LONG,NO,NO,NO,"decimal(18,8)",YES,,cTrader.tms.EMA
tms,TABLE,EMA,EMA_200_LONG,NO,NO,NO,"decimal(18,8)",YES,,cTrader.tms.EMA
tms,TABLE,EMA,EMA_21_FIBO,NO,NO,NO,"decimal(18,8)",YES,,cTrader.tms.EMA
tms,TABLE,EMA,EMA_55_FIBO,NO,NO,NO,"decimal(18,8)",YES,,cTrader.tms.EMA
tms,TABLE,EMA,EMA_144_FIBO,NO,NO,NO,"decimal(18,8)",YES,,cTrader.tms.EMA
tms,TABLE,EMA,EMA_233_FIBO,NO,NO,NO,"decimal(18,8)",YES,,cTrader.tms.EMA
tms,TABLE,EMA,CreatedDate,NO,NO,NO,datetime,YES,(getdate()),cTrader.tms.EMA
tms,TABLE,EMA,EMA_8_SHORT,NO,NO,NO,"decimal(18,8)",YES,,cTrader.tms.EMA
tms,TABLE,EMA_test,ID,YES,NO,NO,bigint,NO,,cTrader.tms.EMA_test
tms,TABLE,EMA_test,BarID,NO,NO,NO,bigint,NO,,cTrader.tms.EMA_test
tms,TABLE,EMA_test,TickerJID,NO,NO,NO,int,NO,,cTrader.tms.EMA_test
tms,TABLE,EMA_test,BarTime,NO,NO,NO,datetime,NO,,cTrader.tms.EMA_test
tms,TABLE,EMA_test,TimeFrameID,NO,NO,NO,int,NO,,cTrader.tms.EMA_test
tms,TABLE,EMA_test,EMA_8_SHORT,NO,NO,NO,"decimal(18,8)",YES,,cTrader.tms.EMA_test
tms,TABLE,EMA_test,CreatedDate,NO,NO,NO,datetime,YES,,cTrader.tms.EMA_test
tms,TABLE,EMA_testing,ID,YES,NO,NO,bigint,NO,,cTrader.tms.EMA_testing
tms,TABLE,EMA_testing,BarID,NO,NO,NO,bigint,NO,,cTrader.tms.EMA_testing
tms,TABLE,EMA_testing,TickerJID,NO,NO,NO,int,NO,,cTrader.tms.EMA_testing
tms,TABLE,EMA_testing,BarTime,NO,NO,NO,datetime,NO,,cTrader.tms.EMA_testing
tms,TABLE,EMA_testing,TimeFrameID,NO,NO,NO,int,NO,,cTrader.tms.EMA_testing
tms,TABLE,EMA_testing,EMA_5_SHORT,NO,NO,NO,"decimal(18,8)",YES,,cTrader.tms.EMA_testing
tms,TABLE,EMA_testing,EMA_9_MACD_SIGNAL,NO,NO,NO,"decimal(18,8)",YES,,cTrader.tms.EMA_testing
tms,TABLE,EMA_testing,EMA_20_SHORT,NO,NO,NO,"decimal(18,8)",YES,,cTrader.tms.EMA_testing
tms,TABLE,EMA_testing,EMA_50_MEDIUM,NO,NO,NO,"decimal(18,8)",YES,,cTrader.tms.EMA_testing
tms,TABLE,EMA_testing,CreatedDate,NO,NO,NO,datetime,YES,(getdate()),cTrader.tms.EMA_testing
fin,TABLE,equity,ID,YES,NO,NO,int,NO,,cTrader.fin.equity
fin,TABLE,equity,accountID,NO,YES,NO,int,NO,,cTrader.fin.equity
fin,TABLE,equity,amount,NO,NO,NO,money,NO,,cTrader.fin.equity
fin,TABLE,equity,equityDate,NO,NO,NO,datetime,NO,(getdate()),cTrader.fin.equity
fin,TABLE,equity,marginUsed,NO,NO,NO,money,YES,,cTrader.fin.equity
fin,TABLE,equity,marginFree,NO,NO,NO,money,YES,,cTrader.fin.equity
fin,TABLE,equity,marginLevel,NO,NO,NO,"numeric(18,6)",YES,,cTrader.fin.equity
fin,VIEW,EquityProfitView_10min,AccountNumber,NO,NO,NO,varchar(50),NO,,cTrader.fin.EquityProfitView_10min
fin,VIEW,EquityProfitView_10min,BrokerName,NO,NO,NO,nvarchar(200),NO,,cTrader.fin.EquityProfitView_10min
fin,VIEW,EquityProfitView_10min,IntervalEnd,NO,NO,NO,nvarchar(8000),YES,,cTrader.fin.EquityProfitView_10min
fin,VIEW,EquityProfitView_10min,Equity,NO,NO,NO,money,NO,,cTrader.fin.EquityProfitView_10min
fin,VIEW,EquityProfitView_10min,MarginUsed,NO,NO,NO,money,YES,,cTrader.fin.EquityProfitView_10min
fin,VIEW,EquityProfitView_10min,MarginFree,NO,NO,NO,money,YES,,cTrader.fin.EquityProfitView_10min
fin,VIEW,EquityProfitView_10min,MarginLevel,NO,NO,NO,"numeric(18,6)",YES,,cTrader.fin.EquityProfitView_10min
fin,VIEW,EquityProfitView_10min,TotalNetProfit,NO,NO,NO,money,NO,,cTrader.fin.EquityProfitView_10min
fin,VIEW,EquityProfitView_10min,TotalGrossProfit,NO,NO,NO,money,NO,,cTrader.fin.EquityProfitView_10min
fin,VIEW,EquityProfitView_10min,ActivePositions,NO,NO,NO,int,NO,,cTrader.fin.EquityProfitView_10min
tms,TABLE-VALUED FUNCTION,fn_activeTickersTable,classCode,NO,NO,NO,varchar(20),NO,,cTrader.tms.fn_activeTickersTable
tms,TABLE-VALUED FUNCTION,fn_activeTickersTable,ticker,NO,NO,NO,nvarchar(100),NO,,cTrader.tms.fn_activeTickersTable
tms,TABLE-VALUED FUNCTION,fn_activeTickersTable,tickerID,NO,NO,NO,int,NO,,cTrader.tms.fn_activeTickersTable
tms,TABLE-VALUED FUNCTION,fn_activeTickersTable,name,NO,NO,NO,nvarchar(200),NO,,cTrader.tms.fn_activeTickersTable
tms,TABLE-VALUED FUNCTION,fn_activeTickersTable,lotSize,NO,NO,NO,"decimal(18,2)",NO,,cTrader.tms.fn_activeTickersTable
tms,TABLE-VALUED FUNCTION,fn_activeTickersTable,isActive,NO,NO,NO,bit,YES,,cTrader.tms.fn_activeTickersTable
tms,TABLE-VALUED FUNCTION,fn_CalculateEMA_ForGroup,BarTime,NO,NO,NO,datetime,YES,,cTrader.tms.fn_CalculateEMA_ForGroup
tms,TABLE-VALUED FUNCTION,fn_CalculateEMA_ForGroup,CloseValue,NO,NO,NO,float,YES,,cTrader.tms.fn_CalculateEMA_ForGroup
tms,TABLE-VALUED FUNCTION,fn_CalculateEMA_ForGroup,EMA9,NO,NO,NO,"decimal(18,5)",YES,,cTrader.tms.fn_CalculateEMA_ForGroup
tms,TABLE-VALUED FUNCTION,fn_EMA_ForGroup,rn,NO,NO,NO,bigint,YES,,cTrader.tms.fn_EMA_ForGroup
tms,TABLE-VALUED FUNCTION,fn_EMA_ForGroup,BarID,NO,NO,NO,bigint,YES,,cTrader.tms.fn_EMA_ForGroup
tms,TABLE-VALUED FUNCTION,fn_EMA_ForGroup,BarTime,NO,NO,NO,datetime,YES,,cTrader.tms.fn_EMA_ForGroup
tms,TABLE-VALUED FUNCTION,fn_EMA_ForGroup,CloseValue,NO,NO,NO,float,YES,,cTrader.tms.fn_EMA_ForGroup
tms,TABLE-VALUED FUNCTION,fn_EMA_ForGroup,EMA9,NO,NO,NO,"decimal(18,5)",YES,,cTrader.tms.fn_EMA_ForGroup
algo,TABLE-VALUED FUNCTION,fn_GetCurrentSignals,trading_signal,NO,NO,NO,varchar(4),YES,,cTrader.algo.fn_GetCurrentSignals
algo,TABLE-VALUED FUNCTION,fn_GetStrategyConfiguration,config_id,NO,NO,NO,int,NO,,cTrader.algo.fn_GetStrategyConfiguration
algo,TABLE-VALUED FUNCTION,fn_GetStrategyConfiguration,ticker,NO,NO,NO,nvarchar(8000),YES,,cTrader.algo.fn_GetStrategyConfiguration
algo,TABLE-VALUED FUNCTION,fn_GetStrategyConfiguration,ticker_jid,NO,NO,NO,int,YES,,cTrader.algo.fn_GetStrategyConfiguration
algo,TABLE-VALUED FUNCTION,fn_GetStrategyConfiguration,timeframe_signal_id,NO,NO,NO,int,YES,,cTrader.algo.fn_GetStrategyConfiguration
algo,TABLE-VALUED FUNCTION,fn_GetStrategyConfiguration,timeframe_confirmation_id,NO,NO,NO,int,YES,,cTrader.algo.fn_GetStrategyConfiguration
algo,TABLE-VALUED FUNCTION,fn_GetStrategyConfiguration,timeframe_trend_id,NO,NO,NO,int,YES,,cTrader.algo.fn_GetStrategyConfiguration
algo,TABLE-VALUED FUNCTION,fn_GetStrategyConfiguration,open_volume,NO,NO,NO,"decimal(18,4)",YES,,cTrader.algo.fn_GetStrategyConfiguration
algo,TABLE-VALUED FUNCTION,fn_GetStrategyConfiguration,trading_close_utc,NO,NO,NO,time,YES,,cTrader.algo.fn_GetStrategyConfiguration
algo,TABLE-VALUED FUNCTION,fn_GetStrategyConfiguration,trading_start_utc,NO,NO,NO,time,YES,,cTrader.algo.fn_GetStrategyConfiguration
algo,TABLE-VALUED FUNCTION,fn_GetStrategyConfiguration,broker_id,NO,NO,NO,int,YES,,cTrader.algo.fn_GetStrategyConfiguration
algo,TABLE-VALUED FUNCTION,fn_GetStrategyConfiguration,platform_id,NO,NO,NO,int,YES,,cTrader.algo.fn_GetStrategyConfiguration
algo,TABLE-VALUED FUNCTION,fn_GetStrategyConfiguration,max_position_checks,NO,NO,NO,int,YES,,cTrader.algo.fn_GetStrategyConfiguration
algo,TABLE-VALUED FUNCTION,fn_GetStrategyConfiguration,check_interval_seconds,NO,NO,NO,int,YES,,cTrader.algo.fn_GetStrategyConfiguration
trd,VIEW,forSignalPositions_v,ID,NO,NO,NO,int,NO,,cTrader.trd.forSignalPositions_v
trd,VIEW,forSignalPositions_v,orderUUID,NO,NO,NO,uniqueidentifier,YES,,cTrader.trd.forSignalPositions_v
trd,VIEW,forSignalPositions_v,tradeType,NO,NO,NO,varchar(8),NO,,cTrader.trd.forSignalPositions_v
trd,VIEW,forSignalPositions_v,ticker,NO,NO,NO,nvarchar(100),NO,,cTrader.trd.forSignalPositions_v
trd,VIEW,forSignalPositions_v,direction,NO,NO,NO,char(4),NO,,cTrader.trd.forSignalPositions_v
trd,VIEW,forSignalPositions_v,entryPrice,NO,NO,NO,"numeric(18,6)",NO,,cTrader.trd.forSignalPositions_v
trd,VIEW,forSignalPositions_v,createdTime,NO,NO,NO,datetime,NO,,cTrader.trd.forSignalPositions_v
trd,VIEW,forSignalPositions_v,volume,NO,NO,NO,"decimal(18,2)",NO,,cTrader.trd.forSignalPositions_v
trd,VIEW,forSignalPositions_v,margin,NO,NO,NO,"decimal(18,2)",NO,,cTrader.trd.forSignalPositions_v
algo,TABLE-VALUED FUNCTION,getStrategyParameters,Parameter,NO,NO,NO,nvarchar(8000),NO,,cTrader.algo.getStrategyParameters
algo,TABLE-VALUED FUNCTION,getStrategyParameters,Value,NO,NO,NO,nvarchar(8000),YES,,cTrader.algo.getStrategyParameters
algo,TABLE-VALUED FUNCTION,getStrategyParameters,Display Name,NO,NO,NO,nvarchar(8000),YES,,cTrader.algo.getStrategyParameters
algo,TABLE-VALUED FUNCTION,getStrategyParameters,Description,NO,NO,NO,nvarchar(8000),YES,,cTrader.algo.getStrategyParameters
tms,TABLE,Indicators_Momentum,ID,YES,YES,NO,bigint,NO,,cTrader.tms.Indicators_Momentum
tms,TABLE,Indicators_Momentum,ID,YES,YES,NO,bigint,NO,,cTrader.tms.Indicators_Momentum
tms,TABLE,Indicators_Momentum,TickerJID,NO,YES,YES,int,NO,,cTrader.tms.Indicators_Momentum
tms,TABLE,Indicators_Momentum,BarTime,NO,NO,YES,datetime2,NO,,cTrader.tms.Indicators_Momentum
tms,TABLE,Indicators_Momentum,TimeFrameID,NO,YES,YES,int,NO,,cTrader.tms.Indicators_Momentum
tms,TABLE,Indicators_Momentum,SourceID,NO,YES,NO,int,NO,((1)),cTrader.tms.Indicators_Momentum
tms,TABLE,Indicators_Momentum,RSI_14,NO,NO,NO,"decimal(8,4)",YES,,cTrader.tms.Indicators_Momentum
tms,TABLE,Indicators_Momentum,RSI_7,NO,NO,NO,"decimal(8,4)",YES,,cTrader.tms.Indicators_Momentum
tms,TABLE,Indicators_Momentum,RSI_21,NO,NO,NO,"decimal(8,4)",YES,,cTrader.tms.Indicators_Momentum
tms,TABLE,Indicators_Momentum,RSI_ZScore,NO,NO,NO,"decimal(8,4)",YES,,cTrader.tms.Indicators_Momentum
tms,TABLE,Indicators_Momentum,RSI_Percentile,NO,NO,NO,"decimal(8,4)",YES,,cTrader.tms.Indicators_Momentum
tms,TABLE,Indicators_Momentum,RSI_Slope_5,NO,NO,NO,"decimal(8,4)",YES,,cTrader.tms.Indicators_Momentum
tms,TABLE,Indicators_Momentum,Stoch_K_14,NO,NO,NO,"decimal(8,4)",YES,,cTrader.tms.Indicators_Momentum
tms,TABLE,Indicators_Momentum,Stoch_D_14,NO,NO,NO,"decimal(8,4)",YES,,cTrader.tms.Indicators_Momentum
tms,TABLE,Indicators_Momentum,Stoch_Slope,NO,NO,NO,"decimal(8,4)",YES,,cTrader.tms.Indicators_Momentum
tms,TABLE,Indicators_Momentum,ROC_14,NO,NO,NO,"decimal(12,6)",YES,,cTrader.tms.Indicators_Momentum
tms,TABLE,Indicators_Momentum,ROC_7,NO,NO,NO,"decimal(12,6)",YES,,cTrader.tms.Indicators_Momentum
tms,TABLE,Indicators_Momentum,Momentum_Score,NO,NO,NO,"decimal(8,4)",YES,,cTrader.tms.Indicators_Momentum
tms,TABLE,Indicators_Momentum,Overbought_Flag,NO,NO,NO,bit,YES,,cTrader.tms.Indicators_Momentum
tms,TABLE,Indicators_Momentum,Oversold_Flag,NO,NO,NO,bit,YES,,cTrader.tms.Indicators_Momentum
tms,TABLE,Indicators_Momentum,BatchID,NO,NO,NO,uniqueidentifier,YES,,cTrader.tms.Indicators_Momentum
tms,TABLE,Indicators_Momentum,CalculationTimeMS,NO,NO,NO,int,YES,,cTrader.tms.Indicators_Momentum
tms,TABLE,Indicators_Momentum,CreatedDate,NO,NO,NO,datetime2,YES,(sysdatetime()),cTrader.tms.Indicators_Momentum
tms,TABLE,Indicators_Momentum,ModifiedDate,NO,NO,NO,datetime2,YES,,cTrader.tms.Indicators_Momentum
tms,VIEW,indicatorsCount,BARS_rowsCount,NO,NO,NO,int,YES,,cTrader.tms.indicatorsCount
tms,VIEW,indicatorsCount,EMA_rowsCount,NO,NO,NO,int,YES,,cTrader.tms.indicatorsCount
tms,VIEW,indicatorsCount,MA_rowsCount,NO,NO,NO,int,YES,,cTrader.tms.indicatorsCount
tms,VIEW,indicatorsCount,Momentum_rowsCount,NO,NO,NO,int,YES,,cTrader.tms.indicatorsCount
trd,VIEW,lastBars_v,barTime,NO,NO,NO,datetime,NO,,cTrader.trd.lastBars_v
trd,VIEW,lastBars_v,openValue,NO,NO,NO,float,NO,,cTrader.trd.lastBars_v
trd,VIEW,lastBars_v,highValue,NO,NO,NO,float,NO,,cTrader.trd.lastBars_v
trd,VIEW,lastBars_v,lowValue,NO,NO,NO,float,NO,,cTrader.trd.lastBars_v
trd,VIEW,lastBars_v,closeValue,NO,NO,NO,float,NO,,cTrader.trd.lastBars_v
tms,TABLE,logsJob_FullRecalculation,LogID,YES,NO,NO,int,NO,,cTrader.tms.logsJob_FullRecalculation
tms,TABLE,logsJob_FullRecalculation,JobRunID,NO,NO,NO,uniqueidentifier,NO,,cTrader.tms.logsJob_FullRecalculation
tms,TABLE,logsJob_FullRecalculation,JobStepID,NO,NO,NO,int,NO,((1)),cTrader.tms.logsJob_FullRecalculation
tms,TABLE,logsJob_FullRecalculation,StepName,NO,NO,NO,nvarchar(200),NO,,cTrader.tms.logsJob_FullRecalculation
tms,TABLE,logsJob_FullRecalculation,TableName,NO,NO,NO,nvarchar(200),YES,,cTrader.tms.logsJob_FullRecalculation
tms,TABLE,logsJob_FullRecalculation,RowsProcessed,NO,NO,NO,int,YES,((0)),cTrader.tms.logsJob_FullRecalculation
tms,TABLE,logsJob_FullRecalculation,DurationMs,NO,NO,NO,int,YES,,cTrader.tms.logsJob_FullRecalculation
tms,TABLE,logsJob_FullRecalculation,CPU_Time_ms,NO,NO,NO,int,YES,,cTrader.tms.logsJob_FullRecalculation
tms,TABLE,logsJob_FullRecalculation,Logical_Reads,NO,NO,NO,int,YES,,cTrader.tms.logsJob_FullRecalculation
tms,TABLE,logsJob_FullRecalculation,Physical_Reads,NO,NO,NO,int,YES,,cTrader.tms.logsJob_FullRecalculation
tms,TABLE,logsJob_FullRecalculation,Writes,NO,NO,NO,int,YES,,cTrader.tms.logsJob_FullRecalculation
tms,TABLE,logsJob_FullRecalculation,Memory_KB,NO,NO,NO,int,YES,,cTrader.tms.logsJob_FullRecalculation
tms,TABLE,logsJob_FullRecalculation,Status,NO,NO,NO,nvarchar(100),NO,,cTrader.tms.logsJob_FullRecalculation
tms,TABLE,logsJob_FullRecalculation,ErrorMessage,NO,NO,NO,nvarchar,YES,,cTrader.tms.logsJob_FullRecalculation
tms,TABLE,logsJob_FullRecalculation,AdditionalInfo,NO,NO,NO,xml,YES,,cTrader.tms.logsJob_FullRecalculation
tms,TABLE,logsJob_FullRecalculation,CreatedDate,NO,NO,NO,datetime,NO,(getdate()),cTrader.tms.logsJob_FullRecalculation
tms,TABLE,logsJob_processIndicators,LogID,YES,NO,NO,int,NO,,cTrader.tms.logsJob_processIndicators
tms,TABLE,logsJob_processIndicators,RunTime,NO,NO,NO,datetime,YES,(getdate()),cTrader.tms.logsJob_processIndicators
tms,TABLE,logsJob_processIndicators,JobName,NO,NO,NO,varchar(100),YES,('processIndicators'),cTrader.tms.logsJob_processIndicators
tms,TABLE,logsJob_processIndicators,StepName,NO,NO,NO,varchar(100),YES,,cTrader.tms.logsJob_processIndicators
tms,TABLE,logsJob_processIndicators,ProcedureName,NO,NO,NO,varchar(100),YES,,cTrader.tms.logsJob_processIndicators
tms,TABLE,logsJob_processIndicators,RowsProcessed,NO,NO,NO,int,YES,,cTrader.tms.logsJob_processIndicators
tms,TABLE,logsJob_processIndicators,Status,NO,NO,NO,varchar(20),YES,,cTrader.tms.logsJob_processIndicators
tms,TABLE,logsJob_processIndicators,ErrorMessage,NO,NO,NO,nvarchar(4000),YES,,cTrader.tms.logsJob_processIndicators
tms,TABLE,logsJob_processIndicators,DurationMs,NO,NO,NO,int,YES,,cTrader.tms.logsJob_processIndicators
tms,TABLE,MA,ID,YES,YES,NO,bigint,NO,,cTrader.tms.MA
tms,TABLE,MA,TickerJID,NO,YES,YES,int,NO,,cTrader.tms.MA
tms,TABLE,MA,BarTime,NO,NO,YES,datetime,NO,,cTrader.tms.MA
tms,TABLE,MA,TimeFrameID,NO,YES,YES,int,NO,,cTrader.tms.MA
tms,TABLE,MA,MA5,NO,NO,NO,"decimal(18,8)",YES,,cTrader.tms.MA
tms,TABLE,MA,MA8,NO,NO,NO,"decimal(18,8)",YES,,cTrader.tms.MA
tms,TABLE,MA,MA20,NO,NO,NO,"decimal(18,8)",YES,,cTrader.tms.MA
tms,TABLE,MA,MA30,NO,NO,NO,"decimal(18,8)",YES,,cTrader.tms.MA
tms,TABLE,MA,MA50,NO,NO,NO,"decimal(18,8)",YES,,cTrader.tms.MA
tms,TABLE,MA,MA100,NO,NO,NO,"decimal(18,8)",YES,,cTrader.tms.MA
tms,TABLE,MA,MA200,NO,NO,NO,"decimal(18,8)",YES,,cTrader.tms.MA
tms,TABLE,MA,MA21_FIB,NO,NO,NO,"decimal(18,8)",YES,,cTrader.tms.MA
tms,TABLE,MA,MA55_FIB,NO,NO,NO,"decimal(18,8)",YES,,cTrader.tms.MA
tms,TABLE,MA,MA144_FIB,NO,NO,NO,"decimal(18,8)",YES,,cTrader.tms.MA
tms,TABLE,MA,MA233_FIB,NO,NO,NO,"decimal(18,8)",YES,,cTrader.tms.MA
tms,TABLE,MA,MA195_NYSE,NO,NO,NO,"decimal(18,8)",YES,,cTrader.tms.MA
tms,TABLE,MA,MA390_NYSE,NO,NO,NO,"decimal(18,8)",YES,,cTrader.tms.MA
tms,TABLE,MA,MA500,NO,NO,NO,"decimal(18,8)",YES,,cTrader.tms.MA
tms,TABLE,MA,CreatedDate,NO,NO,NO,datetime,YES,(getdate()),cTrader.tms.MA
tms,TABLE,MarketRegime_Final,BarID,YES,YES,NO,bigint,NO,,cTrader.tms.MarketRegime_Final
tms,TABLE,MarketRegime_Final,TickerJID,NO,NO,NO,int,NO,,cTrader.tms.MarketRegime_Final
tms,TABLE,MarketRegime_Final,BarTime,NO,NO,NO,datetime,NO,,cTrader.tms.MarketRegime_Final
tms,TABLE,MarketRegime_Final,TimeFrameID,NO,NO,NO,int,NO,,cTrader.tms.MarketRegime_Final
tms,TABLE,MarketRegime_Final,Primary_Regime,NO,NO,NO,tinyint,YES,,cTrader.tms.MarketRegime_Final
tms,TABLE,MarketRegime_Final,Regime_Confidence,NO,NO,NO,"decimal(8,4)",YES,,cTrader.tms.MarketRegime_Final
tms,TABLE,MarketRegime_Final,Regime_Change_Flag,NO,NO,NO,bit,YES,,cTrader.tms.MarketRegime_Final
tms,TABLE,MarketRegime_Final,Trend_Score,NO,NO,NO,"decimal(8,4)",YES,,cTrader.tms.MarketRegime_Final
tms,TABLE,MarketRegime_Final,Momentum_Score,NO,NO,NO,"decimal(8,4)",YES,,cTrader.tms.MarketRegime_Final
tms,TABLE,MarketRegime_Final,Volatility_Score,NO,NO,NO,"decimal(8,4)",YES,,cTrader.tms.MarketRegime_Final
tms,TABLE,MarketRegime_Final,Overall_Score,NO,NO,NO,"decimal(8,4)",YES,,cTrader.tms.MarketRegime_Final
tms,TABLE,MarketRegime_Final,CreatedDate,NO,NO,NO,datetime2,YES,(sysdatetime()),cTrader.tms.MarketRegime_Final
tms,TABLE,MarketRegime_Patterns,BarID,YES,YES,NO,bigint,NO,,cTrader.tms.MarketRegime_Patterns
tms,TABLE,MarketRegime_Patterns,TickerJID,NO,NO,NO,int,NO,,cTrader.tms.MarketRegime_Patterns
tms,TABLE,MarketRegime_Patterns,BarTime,NO,NO,NO,datetime,NO,,cTrader.tms.MarketRegime_Patterns
tms,TABLE,MarketRegime_Patterns,TimeFrameID,NO,NO,NO,int,NO,,cTrader.tms.MarketRegime_Patterns
tms,TABLE,MarketRegime_Patterns,Inside_Bar_Flag,NO,NO,NO,bit,YES,,cTrader.tms.MarketRegime_Patterns
tms,TABLE,MarketRegime_Patterns,Outside_Bar_Flag,NO,NO,NO,bit,YES,,cTrader.tms.MarketRegime_Patterns
tms,TABLE,MarketRegime_Patterns,Pin_Bar_Flag,NO,NO,NO,bit,YES,,cTrader.tms.MarketRegime_Patterns
tms,TABLE,MarketRegime_Patterns,CreatedDate,NO,NO,NO,datetime2,YES,(sysdatetime()),cTrader.tms.MarketRegime_Patterns
tms,TABLE,MarketRegime_Stops,BarID,YES,YES,NO,bigint,NO,,cTrader.tms.MarketRegime_Stops
tms,TABLE,MarketRegime_Stops,TickerJID,NO,NO,NO,int,NO,,cTrader.tms.MarketRegime_Stops
tms,TABLE,MarketRegime_Stops,BarTime,NO,NO,NO,datetime,NO,,cTrader.tms.MarketRegime_Stops
tms,TABLE,MarketRegime_Stops,TimeFrameID,NO,NO,NO,int,NO,,cTrader.tms.MarketRegime_Stops
tms,TABLE,MarketRegime_Stops,Chandelier_Exit_Long,NO,NO,NO,"decimal(18,8)",YES,,cTrader.tms.MarketRegime_Stops
tms,TABLE,MarketRegime_Stops,Chandelier_Exit_Short,NO,NO,NO,"decimal(18,8)",YES,,cTrader.tms.MarketRegime_Stops
tms,TABLE,MarketRegime_Stops,CreatedDate,NO,NO,NO,datetime2,YES,(sysdatetime()),cTrader.tms.MarketRegime_Stops
tms,TABLE,MarketRegime_Trend,BarID,YES,YES,NO,bigint,NO,,cTrader.tms.MarketRegime_Trend
tms,TABLE,MarketRegime_Trend,TickerJID,NO,NO,NO,int,NO,,cTrader.tms.MarketRegime_Trend
tms,TABLE,MarketRegime_Trend,BarTime,NO,NO,NO,datetime,NO,,cTrader.tms.MarketRegime_Trend
tms,TABLE,MarketRegime_Trend,TimeFrameID,NO,NO,NO,int,NO,,cTrader.tms.MarketRegime_Trend
tms,TABLE,MarketRegime_Trend,ADX_14,NO,NO,NO,"decimal(8,4)",YES,,cTrader.tms.MarketRegime_Trend
tms,TABLE,MarketRegime_Trend,Plus_DI_14,NO,NO,NO,"decimal(8,4)",YES,,cTrader.tms.MarketRegime_Trend
tms,TABLE,MarketRegime_Trend,Minus_DI_14,NO,NO,NO,"decimal(8,4)",YES,,cTrader.tms.MarketRegime_Trend
tms,TABLE,MarketRegime_Trend,CreatedDate,NO,NO,NO,datetime2,YES,(sysdatetime()),cTrader.tms.MarketRegime_Trend
tms,TABLE,MarketRegime_Volatility,BarID,YES,YES,NO,bigint,NO,,cTrader.tms.MarketRegime_Volatility
tms,TABLE,MarketRegime_Volatility,TickerJID,NO,NO,NO,int,NO,,cTrader.tms.MarketRegime_Volatility
tms,TABLE,MarketRegime_Volatility,BarTime,NO,NO,NO,datetime,NO,,cTrader.tms.MarketRegime_Volatility
tms,TABLE,MarketRegime_Volatility,TimeFrameID,NO,NO,NO,int,NO,,cTrader.tms.MarketRegime_Volatility
tms,TABLE,MarketRegime_Volatility,ATR_14,NO,NO,NO,"decimal(18,8)",YES,,cTrader.tms.MarketRegime_Volatility
tms,TABLE,MarketRegime_Volatility,ATR_Percent,NO,NO,NO,"decimal(8,4)",YES,,cTrader.tms.MarketRegime_Volatility
tms,TABLE,MarketRegime_Volatility,Historical_Volatility_20,NO,NO,NO,"decimal(8,4)",YES,,cTrader.tms.MarketRegime_Volatility
tms,TABLE,MarketRegime_Volatility,CreatedDate,NO,NO,NO,datetime2,YES,(sysdatetime()),cTrader.tms.MarketRegime_Volatility
trd,TABLE,orders,ID,YES,NO,NO,int,NO,,cTrader.trd.orders
trd,TABLE,orders,orderID,NO,NO,NO,varchar(50),NO,,cTrader.trd.orders
trd,TABLE,orders,accountID,NO,YES,NO,int,NO,,cTrader.trd.orders
trd,TABLE,orders,assetID,NO,YES,NO,int,NO,,cTrader.trd.orders
trd,TABLE,orders,price,NO,NO,NO,money,NO,,cTrader.trd.orders
trd,TABLE,orders,volume,NO,NO,NO,"numeric(18,6)",NO,,cTrader.trd.orders
trd,TABLE,orders,takeProfit,NO,NO,NO,"numeric(18,6)",YES,,cTrader.trd.orders
trd,TABLE,orders,stopLoss,NO,NO,NO,"numeric(18,6)",YES,,cTrader.trd.orders
trd,TABLE,orders,typeID,NO,NO,NO,nvarchar(100),NO,,cTrader.trd.orders
trd,TABLE,orders,direction,NO,NO,NO,nvarchar(10),NO,,cTrader.trd.orders
trd,TABLE,orders,created,NO,NO,NO,datetime,YES,(getdate()),cTrader.trd.orders
trd,TABLE,orders,modified,NO,NO,NO,datetime,YES,,cTrader.trd.orders
trd,TABLE,orders,expiry,NO,NO,NO,datetime,YES,,cTrader.trd.orders
trd,TABLE,orderType,ID,YES,NO,NO,int,NO,,cTrader.trd.orderType
trd,TABLE,orderType,orderTypeName,NO,NO,YES,varchar(50),NO,,cTrader.trd.orderType
trd,TABLE,orderType,orderTypeCode,NO,NO,NO,varchar(10),YES,,cTrader.trd.orderType
trd,TABLE,orderType,orderTypeDescription,NO,NO,NO,varchar(255),YES,,cTrader.trd.orderType
algo,TABLE-VALUED FUNCTION,parameters_tf,Parameter,NO,NO,NO,nvarchar,YES,,cTrader.algo.parameters_tf
algo,TABLE-VALUED FUNCTION,parameters_tf,Value,NO,NO,NO,nvarchar(8000),YES,,cTrader.algo.parameters_tf
algo,TABLE,ParameterSets,Id,YES,NO,NO,int,NO,,cTrader.algo.ParameterSets
algo,TABLE,ParameterSets,ParameterSetJson,NO,NO,NO,nvarchar,NO,,cTrader.algo.ParameterSets
algo,TABLE,ParameterSets,CreatedAt,NO,NO,NO,datetime,YES,(getdate()),cTrader.algo.ParameterSets
algo,TABLE,ParameterSets,strategy_id,NO,NO,NO,int,NO,,cTrader.algo.ParameterSets
algo,TABLE-VALUED FUNCTION,parmeters_tf,Parameter,NO,NO,NO,nvarchar,YES,,cTrader.algo.parmeters_tf
algo,TABLE-VALUED FUNCTION,parmeters_tf,Value,NO,NO,NO,nvarchar(8000),YES,,cTrader.algo.parmeters_tf
trd,TABLE,pendingOrder,ID,YES,NO,NO,int,NO,,cTrader.trd.pendingOrder
trd,TABLE,pendingOrder,accountID,NO,YES,NO,int,NO,,cTrader.trd.pendingOrder
trd,TABLE,pendingOrder,orderUUID,NO,NO,NO,uniqueidentifier,NO,,cTrader.trd.pendingOrder
trd,TABLE,pendingOrder,orderTicket,NO,NO,NO,nvarchar(40),NO,,cTrader.trd.pendingOrder
trd,TABLE,pendingOrder,symbol,NO,NO,NO,nvarchar(100),NO,,cTrader.trd.pendingOrder
trd,TABLE,pendingOrder,orderTypeID,NO,YES,NO,int,NO,,cTrader.trd.pendingOrder
trd,TABLE,pendingOrder,direction,NO,NO,NO,nvarchar(20),NO,,cTrader.trd.pendingOrder
trd,TABLE,pendingOrder,volume,NO,NO,NO,"decimal(18,2)",NO,,cTrader.trd.pendingOrder
trd,TABLE,pendingOrder,targetPrice,NO,NO,NO,"decimal(18,6)",YES,,cTrader.trd.pendingOrder
trd,TABLE,pendingOrder,stopLoss,NO,NO,NO,"decimal(18,6)",YES,,cTrader.trd.pendingOrder
trd,TABLE,pendingOrder,takeProfit,NO,NO,NO,"decimal(18,6)",YES,,cTrader.trd.pendingOrder
trd,TABLE,pendingOrder,orderStatus,NO,NO,NO,nvarchar(40),NO,,cTrader.trd.pendingOrder
trd,TABLE,pendingOrder,createdTime,NO,NO,NO,datetime,NO,(getdate()),cTrader.trd.pendingOrder
trd,TABLE,pendingOrder,modifiedTime,NO,NO,NO,datetime,YES,,cTrader.trd.pendingOrder
trd,TABLE,pendingOrder,closeTime,NO,NO,NO,datetime,YES,,cTrader.trd.pendingOrder
trd,TABLE,platforms,ID,YES,NO,NO,int,NO,,cTrader.trd.platforms
trd,TABLE,platforms,platformCode,NO,NO,YES,varchar(20),NO,,cTrader.trd.platforms
trd,TABLE,platforms,platformCode,NO,NO,YES,varchar(20),NO,,cTrader.trd.platforms
trd,TABLE,platforms,platformName,NO,NO,NO,nvarchar(200),NO,,cTrader.trd.platforms
trd,TABLE,platforms,platformVersion,NO,NO,NO,varchar(20),YES,,cTrader.trd.platforms
trd,TABLE,position,ID,YES,NO,NO,int,NO,,cTrader.trd.position
trd,TABLE,position,accountID,NO,YES,YES,int,NO,,cTrader.trd.position
trd,TABLE,position,positionTicket,NO,NO,YES,varchar(50),NO,,cTrader.trd.position
trd,TABLE,position,assetID,NO,YES,NO,int,NO,,cTrader.trd.position
trd,TABLE,position,volume,NO,NO,NO,"decimal(18,2)",NO,,cTrader.trd.position
trd,TABLE,position,margin,NO,NO,NO,"decimal(18,2)",NO,,cTrader.trd.position
trd,TABLE,position,direction,NO,NO,NO,char(4),NO,,cTrader.trd.position
trd,TABLE,position,openTime,NO,NO,NO,datetime,NO,,cTrader.trd.position
trd,TABLE,position,closeTime,NO,NO,NO,datetime,YES,,cTrader.trd.position
trd,TABLE,position,openPrice,NO,NO,NO,"numeric(18,6)",NO,,cTrader.trd.position
trd,TABLE,position,positionLabel,NO,NO,NO,uniqueidentifier,YES,,cTrader.trd.position
trd,VIEW,positions_v,id,NO,NO,NO,int,NO,,cTrader.trd.positions_v
trd,VIEW,positions_v,positionTicket,NO,NO,NO,varchar(50),NO,,cTrader.trd.positions_v
trd,VIEW,positions_v,ticker,NO,NO,NO,nvarchar(100),NO,,cTrader.trd.positions_v
trd,VIEW,positions_v,direction,NO,NO,NO,char(4),NO,,cTrader.trd.positions_v
trd,VIEW,positions_v,openPrice,NO,NO,NO,"numeric(18,6)",NO,,cTrader.trd.positions_v
trd,VIEW,positions_v,currentPrice,NO,NO,NO,"decimal(18,6)",NO,,cTrader.trd.positions_v
trd,VIEW,positions_v,openTime,NO,NO,NO,datetime,NO,,cTrader.trd.positions_v
trd,VIEW,positions_v,volume,NO,NO,NO,"decimal(18,2)",NO,,cTrader.trd.positions_v
trd,VIEW,positions_v,margin,NO,NO,NO,"decimal(18,2)",NO,,cTrader.trd.positions_v
trd,VIEW,positions_v,stopLoss,NO,NO,NO,"numeric(18,6)",YES,,cTrader.trd.positions_v
trd,VIEW,positions_v,takeProfit,NO,NO,NO,"numeric(18,6)",YES,,cTrader.trd.positions_v
trd,VIEW,positions_v,grossProfit,NO,NO,NO,money,YES,,cTrader.trd.positions_v
trd,VIEW,positions_v,netProfit,NO,NO,NO,money,YES,,cTrader.trd.positions_v
trd,VIEW,positions_v,total_P_L,NO,NO,NO,money,YES,,cTrader.trd.positions_v
trd,VIEW,positions_v,positionLabel,NO,NO,NO,uniqueidentifier,YES,,cTrader.trd.positions_v
trd,TABLE,positionState,ID,NO,NO,NO,int,NO,,cTrader.trd.positionState
trd,TABLE,positionState,positionID,NO,YES,NO,int,NO,,cTrader.trd.positionState
trd,TABLE,positionState,timestamp,NO,NO,NO,datetime,NO,(getdate()),cTrader.trd.positionState
trd,TABLE,positionState,currentPrice,NO,NO,NO,"decimal(18,6)",NO,,cTrader.trd.positionState
trd,TABLE,positionState,commission,NO,NO,NO,"decimal(18,2)",YES,((0)),cTrader.trd.positionState
trd,TABLE,positionState,swap,NO,NO,NO,"decimal(18,2)",YES,((0)),cTrader.trd.positionState
trd,TABLE,positionState,stopLoss,NO,NO,NO,"numeric(18,6)",YES,,cTrader.trd.positionState
trd,TABLE,positionState,takeProfit,NO,NO,NO,"numeric(18,6)",YES,,cTrader.trd.positionState
trd,TABLE,positionState,netProfit,NO,NO,NO,money,YES,,cTrader.trd.positionState
trd,TABLE,positionState,grossProfit,NO,NO,NO,money,YES,,cTrader.trd.positionState
tms,TABLE,sources,ID,YES,NO,NO,int,NO,,cTrader.tms.sources
tms,TABLE,sources,sourceName,NO,NO,NO,nvarchar(100),NO,,cTrader.tms.sources
tms,TABLE,sources,sourceURL,NO,NO,NO,nvarchar(510),YES,,cTrader.tms.sources
algo,TABLE,strategies,ID,YES,NO,NO,int,NO,,cTrader.algo.strategies
algo,TABLE,strategies,strategy_name,NO,NO,NO,nvarchar(400),NO,,cTrader.algo.strategies
algo,TABLE,strategies,strategy_code,NO,NO,NO,nvarchar(120),NO,,cTrader.algo.strategies
algo,TABLE,strategies,strategy_class_id,NO,YES,NO,int,NO,,cTrader.algo.strategies
algo,TABLE,strategies,logic_description,NO,NO,NO,nvarchar(4000),YES,,cTrader.algo.strategies
algo,TABLE,strategies,created_by,NO,NO,NO,nvarchar(400),YES,(suser_sname()),cTrader.algo.strategies
algo,TABLE,strategies,created_date,NO,NO,NO,datetime,YES,(getdate()),cTrader.algo.strategies
algo,TABLE,strategies,modified_date,NO,NO,NO,datetime,YES,(getdate()),cTrader.algo.strategies
algo,TABLE,strategies,ParameterSetId,NO,YES,NO,int,YES,,cTrader.algo.strategies
algo,TABLE,strategies_positions,trade_uuid,YES,NO,NO,nvarchar(100),NO,,cTrader.algo.strategies_positions
algo,TABLE,strategies_positions,strategy_configuration_id,NO,YES,NO,int,NO,,cTrader.algo.strategies_positions
algo,TABLE,strategies_positions,createdTime,NO,NO,NO,datetime,YES,,cTrader.algo.strategies_positions
fin,VIEW,strategies_report,configID,NO,NO,NO,int,NO,,cTrader.fin.strategies_report
fin,VIEW,strategies_report,strategy_code,NO,NO,NO,nvarchar(120),NO,,cTrader.fin.strategies_report
fin,VIEW,strategies_report,Symbol,NO,NO,NO,nvarchar(200),NO,,cTrader.fin.strategies_report
fin,VIEW,strategies_report,direction,NO,NO,NO,char(4),NO,,cTrader.fin.strategies_report
fin,VIEW,strategies_report,margin,NO,NO,NO,money,YES,,cTrader.fin.strategies_report
fin,VIEW,strategies_report,netProfit,NO,NO,NO,"decimal(38,4)",YES,,cTrader.fin.strategies_report
fin,VIEW,strategies_report,tradesCount,NO,NO,NO,int,YES,,cTrader.fin.strategies_report
fin,VIEW,strategies_report,openDate,NO,NO,NO,date,YES,,cTrader.fin.strategies_report
fin,VIEW,strategies_report,closeDate,NO,NO,NO,date,YES,,cTrader.fin.strategies_report
fin,VIEW,strategies_report,YearClose,NO,NO,NO,int,YES,,cTrader.fin.strategies_report
fin,VIEW,strategies_report,MonthClose,NO,NO,NO,nvarchar(8000),YES,,cTrader.fin.strategies_report
fin,VIEW,strategies_results,num,NO,NO,NO,bigint,YES,,cTrader.fin.strategies_results
fin,VIEW,strategies_results,strategy_code,NO,NO,NO,nvarchar(120),NO,,cTrader.fin.strategies_results
fin,VIEW,strategies_results,Id,NO,NO,NO,int,NO,,cTrader.fin.strategies_results
fin,VIEW,strategies_results,Symbol,NO,NO,NO,nvarchar(200),NO,,cTrader.fin.strategies_results
fin,VIEW,strategies_results,volume,NO,NO,NO,"decimal(18,2)",NO,,cTrader.fin.strategies_results
fin,VIEW,strategies_results,margin,NO,NO,NO,"decimal(18,2)",NO,,cTrader.fin.strategies_results
fin,VIEW,strategies_results,direction,NO,NO,NO,char(4),NO,,cTrader.fin.strategies_results
fin,VIEW,strategies_results,openTime,NO,NO,NO,datetime,NO,,cTrader.fin.strategies_results
fin,VIEW,strategies_results,closeTime,NO,NO,NO,datetime,YES,,cTrader.fin.strategies_results
fin,VIEW,strategies_results,netProfit,NO,NO,NO,"decimal(18,4)",YES,,cTrader.fin.strategies_results
fin,VIEW,strategies_results,countDaily,NO,NO,NO,int,YES,,cTrader.fin.strategies_results
fin,VIEW,strategies_results,countTotal,NO,NO,NO,int,YES,,cTrader.fin.strategies_results
fin,VIEW,strategies_results,stByStratDay,NO,NO,NO,"decimal(38,4)",YES,,cTrader.fin.strategies_results
fin,VIEW,strategies_results,stTotByDay,NO,NO,NO,"decimal(38,4)",YES,,cTrader.fin.strategies_results
fin,VIEW,strategies_results,stTotal,NO,NO,NO,"decimal(38,4)",YES,,cTrader.fin.strategies_results
algo,VIEW,strategies_v,ID,NO,NO,NO,int,NO,,cTrader.algo.strategies_v
algo,VIEW,strategies_v,strategy_name,NO,NO,NO,nvarchar(400),NO,,cTrader.algo.strategies_v
algo,VIEW,strategies_v,strategy_code,NO,NO,NO,nvarchar(120),NO,,cTrader.algo.strategies_v
algo,VIEW,strategies_v,strategy_class_id,NO,NO,NO,int,NO,,cTrader.algo.strategies_v
algo,VIEW,strategies_v,class_name,NO,NO,NO,nvarchar(400),NO,,cTrader.algo.strategies_v
algo,VIEW,strategies_v,class_code,NO,NO,NO,nvarchar(120),NO,,cTrader.algo.strategies_v
algo,VIEW,strategies_v,category,NO,NO,NO,nvarchar(200),YES,,cTrader.algo.strategies_v
algo,VIEW,strategies_v,hasConfigs,NO,NO,NO,int,NO,,cTrader.algo.strategies_v
algo,VIEW,strategies_v,logic_description,NO,NO,NO,nvarchar(4000),YES,,cTrader.algo.strategies_v
algo,VIEW,strategies_v,created_by,NO,NO,NO,nvarchar(400),YES,,cTrader.algo.strategies_v
algo,VIEW,strategies_v,created_date,NO,NO,NO,datetime,YES,,cTrader.algo.strategies_v
algo,VIEW,strategies_v,modified_date,NO,NO,NO,datetime,YES,,cTrader.algo.strategies_v
algo,VIEW,strategies_v,typical_instruments,NO,NO,NO,nvarchar(2000),YES,,cTrader.algo.strategies_v
algo,VIEW,strategies_v,typical_timeframes,NO,NO,NO,nvarchar(800),YES,,cTrader.algo.strategies_v
algo,VIEW,strategies_v,risk_level,NO,NO,NO,tinyint,YES,,cTrader.algo.strategies_v
algo,VIEW,strategies_v,implementation_complexity,NO,NO,NO,tinyint,YES,,cTrader.algo.strategies_v
algo,VIEW,strategiesDashboard_v,configID,NO,NO,NO,int,NO,,cTrader.algo.strategiesDashboard_v
algo,VIEW,strategiesDashboard_v,ticker,NO,NO,NO,nvarchar(100),YES,,cTrader.algo.strategiesDashboard_v
algo,VIEW,strategiesDashboard_v,timeStarted,NO,NO,NO,datetime,YES,,cTrader.algo.strategiesDashboard_v
algo,VIEW,strategiesDashboard_v,lastHeartbeat,NO,NO,NO,datetime,YES,,cTrader.algo.strategiesDashboard_v
algo,VIEW,strategiesDashboard_v,minutesSinceHeartbeat,NO,NO,NO,int,YES,,cTrader.algo.strategiesDashboard_v
algo,VIEW,strategiesDashboard_v,strategy_code,NO,NO,NO,nvarchar(120),NO,,cTrader.algo.strategiesDashboard_v
algo,VIEW,strategiesDashboard_v,strategy_name,NO,NO,NO,nvarchar(400),NO,,cTrader.algo.strategiesDashboard_v
algo,VIEW,strategiesDashboard_v,direction,NO,NO,NO,nvarchar(20),YES,,cTrader.algo.strategiesDashboard_v
algo,VIEW,strategiesDashboard_v,entryPrice,NO,NO,NO,"decimal(18,6)",YES,,cTrader.algo.strategiesDashboard_v
algo,VIEW,strategiesDashboard_v,volume,NO,NO,NO,"decimal(18,2)",YES,,cTrader.algo.strategiesDashboard_v
algo,VIEW,strategiesDashboard_v,positionOpened,NO,NO,NO,datetime,YES,,cTrader.algo.strategiesDashboard_v
algo,VIEW,strategiesDashboard_v,minutesInPosition,NO,NO,NO,int,YES,,cTrader.algo.strategiesDashboard_v
algo,VIEW,strategiesRunning_v,strategy code,NO,NO,NO,nvarchar(120),NO,,cTrader.algo.strategiesRunning_v
algo,VIEW,strategiesRunning_v,strategy,NO,NO,NO,nvarchar(400),NO,,cTrader.algo.strategiesRunning_v
algo,VIEW,strategiesRunning_v,configID,NO,NO,NO,int,NO,,cTrader.algo.strategiesRunning_v
algo,VIEW,strategiesRunning_v,ticker,NO,NO,NO,nvarchar(200),NO,,cTrader.algo.strategiesRunning_v
algo,VIEW,strategiesRunning_v,tradeID,NO,NO,NO,nvarchar(100),NO,,cTrader.algo.strategiesRunning_v
algo,VIEW,strategiesRunning_v,direction,NO,NO,NO,char(4),NO,,cTrader.algo.strategiesRunning_v
algo,VIEW,strategiesRunning_v,openTime,NO,NO,NO,datetime,NO,,cTrader.algo.strategiesRunning_v
algo,VIEW,strategiesRunning_v,openPrice,NO,NO,NO,"numeric(18,6)",NO,,cTrader.algo.strategiesRunning_v
algo,VIEW,strategiesRunning_v,volume,NO,NO,NO,"decimal(18,2)",NO,,cTrader.algo.strategiesRunning_v
algo,VIEW,strategiesRunning_v,margine,NO,NO,NO,"decimal(18,2)",NO,,cTrader.algo.strategiesRunning_v
algo,VIEW,strategiesRunning_v,Gross,NO,NO,NO,money,YES,,cTrader.algo.strategiesRunning_v
algo,VIEW,strategiesRunning_v,Net,NO,NO,NO,money,YES,,cTrader.algo.strategiesRunning_v
algo,VIEW,strategiesRunning_v,closeTime,NO,NO,NO,datetime,YES,,cTrader.algo.strategiesRunning_v
algo,TABLE,strategy_classes,ID,YES,NO,NO,int,NO,,cTrader.algo.strategy_classes
algo,TABLE,strategy_classes,class_name,NO,NO,NO,nvarchar(400),NO,,cTrader.algo.strategy_classes
algo,TABLE,strategy_classes,class_code,NO,NO,NO,nvarchar(120),NO,,cTrader.algo.strategy_classes
algo,TABLE,strategy_classes,category,NO,NO,NO,nvarchar(200),YES,,cTrader.algo.strategy_classes
algo,TABLE,strategy_classes,description,NO,NO,NO,nvarchar(4000),YES,,cTrader.algo.strategy_classes
algo,TABLE,strategy_classes,typical_instruments,NO,NO,NO,nvarchar(2000),YES,,cTrader.algo.strategy_classes
algo,TABLE,strategy_classes,typical_timeframes,NO,NO,NO,nvarchar(800),YES,,cTrader.algo.strategy_classes
algo,TABLE,strategy_classes,required_data_frequency,NO,NO,NO,nvarchar(200),YES,('1Min'),cTrader.algo.strategy_classes
algo,TABLE,strategy_classes,required_history_days,NO,NO,NO,int,YES,((30)),cTrader.algo.strategy_classes
algo,TABLE,strategy_classes,typical_position_hold_time,NO,NO,NO,nvarchar(200),YES,,cTrader.algo.strategy_classes
algo,TABLE,strategy_classes,requires_realtime_data,NO,NO,NO,bit,YES,((0)),cTrader.algo.strategy_classes
algo,TABLE,strategy_classes,requires_news_feed,NO,NO,NO,bit,YES,((0)),cTrader.algo.strategy_classes
algo,TABLE,strategy_classes,requires_multiple_instruments,NO,NO,NO,bit,YES,((0)),cTrader.algo.strategy_classes
algo,TABLE,strategy_classes,requires_options_data,NO,NO,NO,bit,YES,((0)),cTrader.algo.strategy_classes
algo,TABLE,strategy_classes,requires_fundamental_data,NO,NO,NO,bit,YES,((0)),cTrader.algo.strategy_classes
algo,TABLE,strategy_classes,implementation_complexity,NO,NO,NO,tinyint,YES,((3)),cTrader.algo.strategy_classes
algo,TABLE,strategy_classes,backtesting_complexity,NO,NO,NO,tinyint,YES,((3)),cTrader.algo.strategy_classes
algo,TABLE,strategy_classes,maintenance_complexity,NO,NO,NO,tinyint,YES,((3)),cTrader.algo.strategy_classes
algo,TABLE,strategy_classes,risk_level,NO,NO,NO,tinyint,YES,((3)),cTrader.algo.strategy_classes
algo,TABLE,strategy_classes,capital_requirements,NO,NO,NO,nvarchar(200),YES,,cTrader.algo.strategy_classes
algo,TABLE,strategy_classes,drawdown_characteristics,NO,NO,NO,nvarchar(400),YES,,cTrader.algo.strategy_classes
algo,TABLE,strategy_classes,feasible_with_current_setup,NO,NO,NO,bit,YES,((1)),cTrader.algo.strategy_classes
algo,TABLE,strategy_classes,recommended_for_start,NO,NO,NO,bit,YES,((0)),cTrader.algo.strategy_classes
algo,TABLE,strategy_classes,created_date,NO,NO,NO,datetime,YES,(getdate()),cTrader.algo.strategy_classes
algo,TABLE,strategy_classes,modified_date,NO,NO,NO,datetime,YES,(getdate()),cTrader.algo.strategy_classes
algo,VIEW,strategy_configurations_v,ID,NO,NO,NO,int,NO,,cTrader.algo.strategy_configurations_v
algo,VIEW,strategy_configurations_v,strategy_id,NO,NO,NO,int,NO,,cTrader.algo.strategy_configurations_v
algo,VIEW,strategy_configurations_v,strategy_name,NO,NO,NO,nvarchar(200),NO,,cTrader.algo.strategy_configurations_v
algo,VIEW,strategy_configurations_v,class_name,NO,NO,NO,nvarchar(200),NO,,cTrader.algo.strategy_configurations_v
algo,VIEW,strategy_configurations_v,instrument_symbol,NO,NO,NO,nvarchar(40),NO,,cTrader.algo.strategy_configurations_v
algo,VIEW,strategy_configurations_v,primaryTF,NO,NO,NO,varchar(10),NO,,cTrader.algo.strategy_configurations_v
algo,VIEW,strategy_configurations_v,secondaryTF,NO,NO,NO,varchar(10),NO,,cTrader.algo.strategy_configurations_v
algo,VIEW,strategy_configurations_v,isActive,NO,NO,NO,varchar(4),NO,,cTrader.algo.strategy_configurations_v
algo,VIEW,strategy_configurations_v,created_date,NO,NO,NO,datetime,YES,,cTrader.algo.strategy_configurations_v
algo,VIEW,strategy_configurations_v,modified_date,NO,NO,NO,datetime,YES,,cTrader.algo.strategy_configurations_v
algo,TABLE,strategy_termination_queue,id,YES,NO,NO,int,NO,,cTrader.algo.strategy_termination_queue
algo,TABLE,strategy_termination_queue,config_id,NO,YES,NO,int,NO,,cTrader.algo.strategy_termination_queue
algo,TABLE,strategy_termination_queue,terminate,NO,NO,NO,bit,NO,((1)),cTrader.algo.strategy_termination_queue
algo,TABLE,strategy_termination_queue,requested_at,NO,NO,NO,datetime,YES,(getutcdate()),cTrader.algo.strategy_termination_queue
algo,TABLE,strategy_termination_queue,terminated_at,NO,NO,NO,datetime,YES,,cTrader.algo.strategy_termination_queue
algo,VIEW,strategy_termination_queue_v,config_id,NO,NO,NO,int,NO,,cTrader.algo.strategy_termination_queue_v
algo,VIEW,strategy_termination_queue_v,termination_id,NO,NO,NO,int,NO,,cTrader.algo.strategy_termination_queue_v
algo,VIEW,strategy_termination_queue_v,requested_at,NO,NO,NO,datetime,YES,,cTrader.algo.strategy_termination_queue_v
algo,VIEW,strategyClasses_v,ID,NO,NO,NO,int,NO,,cTrader.algo.strategyClasses_v
algo,VIEW,strategyClasses_v,className,NO,NO,NO,nvarchar(400),NO,,cTrader.algo.strategyClasses_v
algo,VIEW,strategyClasses_v,code,NO,NO,NO,nvarchar(120),NO,,cTrader.algo.strategyClasses_v
algo,VIEW,strategyClasses_v,category,NO,NO,NO,nvarchar(200),YES,,cTrader.algo.strategyClasses_v
algo,VIEW,strategyClasses_v,hasStrategies,NO,NO,NO,int,NO,,cTrader.algo.strategyClasses_v
algo,VIEW,strategyClasses_v,hasConfigs,NO,NO,NO,int,NO,,cTrader.algo.strategyClasses_v
algo,VIEW,strategyClasses_v,outline,NO,NO,NO,nvarchar(4000),YES,,cTrader.algo.strategyClasses_v
algo,VIEW,strategyClasses_v,intsruments,NO,NO,NO,nvarchar(2000),YES,,cTrader.algo.strategyClasses_v
algo,VIEW,strategyClasses_v,timeFrames,NO,NO,NO,nvarchar(800),YES,,cTrader.algo.strategyClasses_v
algo,VIEW,strategyClasses_v,dataFriquency,NO,NO,NO,nvarchar(200),YES,,cTrader.algo.strategyClasses_v
algo,VIEW,strategyClasses_v,historyDays,NO,NO,NO,int,YES,,cTrader.algo.strategyClasses_v
algo,VIEW,strategyClasses_v,hold_time,NO,NO,NO,nvarchar(200),YES,,cTrader.algo.strategyClasses_v
algo,VIEW,strategyClasses_v,req:realTimeData,NO,NO,NO,bit,YES,,cTrader.algo.strategyClasses_v
algo,VIEW,strategyClasses_v,req:newsFeed,NO,NO,NO,bit,YES,,cTrader.algo.strategyClasses_v
algo,VIEW,strategyClasses_v,req:multipleInsruments,NO,NO,NO,bit,YES,,cTrader.algo.strategyClasses_v
algo,VIEW,strategyClasses_v,req:optionsData,NO,NO,NO,bit,YES,,cTrader.algo.strategyClasses_v
algo,VIEW,strategyClasses_v,req:fundamentalData,NO,NO,NO,bit,YES,,cTrader.algo.strategyClasses_v
algo,VIEW,strategyClasses_v,implementation_complexity,NO,NO,NO,tinyint,YES,,cTrader.algo.strategyClasses_v
algo,VIEW,strategyClasses_v,backtesting_complexity,NO,NO,NO,tinyint,YES,,cTrader.algo.strategyClasses_v
algo,VIEW,strategyClasses_v,maintenance_complexity,NO,NO,NO,tinyint,YES,,cTrader.algo.strategyClasses_v
algo,VIEW,strategyClasses_v,riskLevel,NO,NO,NO,tinyint,YES,,cTrader.algo.strategyClasses_v
algo,VIEW,strategyClasses_v,req:capital,NO,NO,NO,nvarchar(200),YES,,cTrader.algo.strategyClasses_v
algo,VIEW,strategyClasses_v,drawdown,NO,NO,NO,nvarchar(400),YES,,cTrader.algo.strategyClasses_v
algo,VIEW,strategyClasses_v,feasibleNow,NO,NO,NO,bit,YES,,cTrader.algo.strategyClasses_v
algo,VIEW,strategyClasses_v,forStart,NO,NO,NO,bit,YES,,cTrader.algo.strategyClasses_v
algo,VIEW,strategyClasses_v,created,NO,NO,NO,datetime,YES,,cTrader.algo.strategyClasses_v
algo,VIEW,strategyClasses_v,modifiec,NO,NO,NO,datetime,YES,,cTrader.algo.strategyClasses_v
algo,TABLE,strategyTracker,ID,YES,NO,NO,int,NO,,cTrader.algo.strategyTracker
algo,TABLE,strategyTracker,configID,NO,YES,NO,int,NO,,cTrader.algo.strategyTracker
algo,TABLE,strategyTracker,timeStarted,NO,NO,NO,datetime,YES,(getutcdate()),cTrader.algo.strategyTracker
algo,TABLE,strategyTracker,modified,NO,NO,NO,datetime,YES,(getutcdate()),cTrader.algo.strategyTracker
algo,TABLE,strategyTracker,timeClosed,NO,NO,NO,datetime,YES,,cTrader.algo.strategyTracker
ref,TABLE,SymbolMapping,ID,YES,NO,NO,int,NO,,cTrader.ref.SymbolMapping
ref,TABLE,SymbolMapping,assetID,NO,YES,NO,int,NO,,cTrader.ref.SymbolMapping
ref,TABLE,SymbolMapping,brokerID,NO,YES,YES,int,NO,,cTrader.ref.SymbolMapping
ref,TABLE,SymbolMapping,platformID,NO,YES,YES,int,NO,,cTrader.ref.SymbolMapping
ref,TABLE,SymbolMapping,Symbol,NO,NO,YES,nvarchar(200),NO,,cTrader.ref.SymbolMapping
ref,TABLE,SymbolMapping,unit,NO,NO,NO,nvarchar(40),NO,,cTrader.ref.SymbolMapping
ref,TABLE,SymbolMapping,lot_size,NO,NO,NO,"decimal(18,6)",NO,,cTrader.ref.SymbolMapping
ref,TABLE,SymbolMapping,pip_size,NO,NO,NO,"decimal(18,6)",NO,,cTrader.ref.SymbolMapping
ref,TABLE,SymbolMapping,modified,NO,NO,NO,datetime,NO,(getdate()),cTrader.ref.SymbolMapping
inf,TABLE,testInfo,ID,YES,NO,NO,int,NO,,cTrader.inf.testInfo
inf,TABLE,testInfo,infMessage,NO,NO,NO,nvarchar(510),YES,,cTrader.inf.testInfo
inf,TABLE,testInfo,modified,NO,NO,NO,datetime,YES,(getdate()),cTrader.inf.testInfo
tms,TABLE,timeframes,ID,YES,NO,NO,int,NO,,cTrader.tms.timeframes
tms,TABLE,timeframes,timeframeCode,NO,NO,YES,varchar(10),NO,,cTrader.tms.timeframes
tms,TABLE,timeframes,timeframeName,NO,NO,NO,nvarchar(100),NO,,cTrader.tms.timeframes
tms,TABLE,timeframes,minutes,NO,NO,NO,int,NO,,cTrader.tms.timeframes
algo,TABLE,tradeEventType,ID,YES,NO,NO,int,NO,,cTrader.algo.tradeEventType
algo,TABLE,tradeEventType,tradeType,NO,NO,YES,varchar(50),YES,,cTrader.algo.tradeEventType
algo,TABLE,tradeEventType,eventName,NO,NO,YES,varchar(50),NO,,cTrader.algo.tradeEventType
algo,TABLE,tradeEventType,Category,NO,NO,YES,varchar(20),NO,,cTrader.algo.tradeEventType
algo,TABLE,tradeEventType,Comment,NO,NO,NO,varchar(200),YES,,cTrader.algo.tradeEventType
algo,TABLE,tradeEventType,created,NO,NO,NO,datetime,YES,(getdate()),cTrader.algo.tradeEventType
algo,TABLE,tradeLog,ID,YES,NO,NO,int,NO,,cTrader.algo.tradeLog
algo,TABLE,tradeLog,tradeTypeID,NO,YES,NO,int,NO,,cTrader.algo.tradeLog
algo,TABLE,tradeLog,tradeEventTypeID,NO,YES,NO,int,NO,,cTrader.algo.tradeLog
algo,TABLE,tradeLog,direction,NO,NO,NO,varchar(5),YES,,cTrader.algo.tradeLog
algo,TABLE,tradeLog,accountID,NO,YES,NO,int,YES,,cTrader.algo.tradeLog
algo,TABLE,tradeLog,currencyID,NO,YES,NO,int,YES,,cTrader.algo.tradeLog
algo,TABLE,tradeLog,assetID,NO,NO,NO,int,YES,,cTrader.algo.tradeLog
algo,TABLE,tradeLog,volume,NO,NO,NO,"decimal(18,4)",YES,,cTrader.algo.tradeLog
algo,TABLE,tradeLog,price,NO,NO,NO,"numeric(18,6)",YES,,cTrader.algo.tradeLog
algo,TABLE,tradeLog,slPrice,NO,NO,NO,"numeric(18,6)",YES,,cTrader.algo.tradeLog
algo,TABLE,tradeLog,tpPrice,NO,NO,NO,"numeric(18,6)",YES,,cTrader.algo.tradeLog
algo,TABLE,tradeLog,tradeUuid,NO,NO,NO,uniqueidentifier,NO,,cTrader.algo.tradeLog
algo,TABLE,tradeLog,created,NO,NO,NO,datetime,YES,(getdate()),cTrader.algo.tradeLog
algo,TABLE,tradeResults,ID,YES,NO,NO,int,NO,,cTrader.algo.tradeResults
algo,TABLE,tradeResults,tradeLogID,NO,YES,YES,int,NO,,cTrader.algo.tradeResults
algo,TABLE,tradeResults,closeEventTypeID,NO,YES,NO,int,YES,,cTrader.algo.tradeResults
algo,TABLE,tradeResults,closed,NO,NO,NO,datetime,NO,(getdate()),cTrader.algo.tradeResults
algo,TABLE,tradeResults,exitPrice,NO,NO,NO,"numeric(18,6)",NO,,cTrader.algo.tradeResults
algo,TABLE,tradeResults,volumeClosed,NO,NO,NO,"decimal(18,4)",YES,,cTrader.algo.tradeResults
algo,TABLE,tradeResults,grossProfit,NO,NO,NO,"decimal(18,4)",YES,,cTrader.algo.tradeResults
algo,TABLE,tradeResults,netProfit,NO,NO,NO,"decimal(18,4)",YES,,cTrader.algo.tradeResults
algo,TABLE,tradeResults,swap,NO,NO,NO,"decimal(18,4)",YES,,cTrader.algo.tradeResults
algo,TABLE,tradeResults,commission,NO,NO,NO,"decimal(18,4)",YES,,cTrader.algo.tradeResults
algo,TABLE,tradeResults,created,NO,NO,NO,datetime,YES,(getdate()),cTrader.algo.tradeResults
trd,VIEW,trades_v,ID,NO,NO,NO,int,NO,,cTrader.trd.trades_v
trd,VIEW,trades_v,orderUUID,NO,NO,NO,uniqueidentifier,YES,,cTrader.trd.trades_v
trd,VIEW,trades_v,tradeType,NO,NO,NO,varchar(13),NO,,cTrader.trd.trades_v
trd,VIEW,trades_v,ticker,NO,NO,NO,nvarchar(100),NO,,cTrader.trd.trades_v
trd,VIEW,trades_v,direction,NO,NO,NO,nvarchar(20),NO,,cTrader.trd.trades_v
trd,VIEW,trades_v,entryPrice,NO,NO,NO,"decimal(18,6)",YES,,cTrader.trd.trades_v
trd,VIEW,trades_v,createdTime,NO,NO,NO,datetime,NO,,cTrader.trd.trades_v
trd,VIEW,trades_v,volume,NO,NO,NO,"decimal(18,2)",NO,,cTrader.trd.trades_v
trd,VIEW,trades_v,margin,NO,NO,NO,"decimal(18,2)",YES,,cTrader.trd.trades_v
trd,VIEW,trades_v,creationOrder,NO,NO,NO,bigint,YES,,cTrader.trd.trades_v
algo,TABLE,tradeType,ID,YES,NO,NO,int,NO,,cTrader.algo.tradeType
algo,TABLE,tradeType,tradeTypeName,NO,NO,YES,varchar(50),NO,,cTrader.algo.tradeType
algo,TABLE,tradeType,created,NO,NO,NO,datetime,YES,(getdate()),cTrader.algo.tradeType
algo,TABLE,tradingSignals,signalID,YES,NO,NO,int,NO,,cTrader.algo.tradingSignals
algo,TABLE,tradingSignals,assetID,NO,YES,NO,int,NO,,cTrader.algo.tradingSignals
algo,TABLE,tradingSignals,volume,NO,NO,NO,"decimal(18,6)",NO,,cTrader.algo.tradingSignals
algo,TABLE,tradingSignals,direction,NO,NO,NO,nvarchar(20),NO,,cTrader.algo.tradingSignals
algo,TABLE,tradingSignals,orderPrice,NO,NO,NO,"decimal(18,6)",YES,,cTrader.algo.tradingSignals
algo,TABLE,tradingSignals,stopLoss,NO,NO,NO,"decimal(18,6)",YES,,cTrader.algo.tradingSignals
algo,TABLE,tradingSignals,takeProfit,NO,NO,NO,"decimal(18,6)",YES,,cTrader.algo.tradingSignals
algo,TABLE,tradingSignals,timeCreated,NO,NO,NO,datetime,NO,(getdate()),cTrader.algo.tradingSignals
algo,TABLE,tradingSignals,expiry,NO,NO,NO,datetime,NO,"(dateadd(hour,(1),getdate()))",cTrader.algo.tradingSignals
algo,TABLE,tradingSignals,status,NO,NO,NO,nvarchar(40),NO,('PENDING'),cTrader.algo.tradingSignals
algo,TABLE,tradingSignals,executionType,NO,NO,NO,nvarchar(40),YES,,cTrader.algo.tradingSignals
algo,TABLE,tradingSignals,executionID,NO,NO,NO,nvarchar(72),YES,,cTrader.algo.tradingSignals
algo,TABLE,tradingSignals,executionTime,NO,NO,NO,datetime,YES,,cTrader.algo.tradingSignals
algo,TABLE,tradingSignals,positionLabel,NO,NO,NO,uniqueidentifier,NO,(newid()),cTrader.algo.tradingSignals
fin,TABLE,transactions,ID,YES,NO,NO,int,NO,,cTrader.fin.transactions
fin,TABLE,transactions,transactionTypeID,NO,YES,NO,int,NO,,cTrader.fin.transactions
fin,TABLE,transactions,accountID,NO,YES,NO,int,NO,,cTrader.fin.transactions
fin,TABLE,transactions,amount,NO,NO,NO,money,NO,,cTrader.fin.transactions
fin,TABLE,transactions,transactionDate,NO,NO,NO,datetime,NO,,cTrader.fin.transactions
fin,TABLE,transactions,sourceID,NO,YES,NO,int,NO,,cTrader.fin.transactions
fin,TABLE,transactionSource,ID,YES,NO,NO,int,NO,,cTrader.fin.transactionSource
fin,TABLE,transactionSource,sourceName,NO,NO,YES,nvarchar(100),NO,,cTrader.fin.transactionSource
fin,TABLE,transactionSource,sourceDescription,NO,NO,NO,nvarchar(510),YES,,cTrader.fin.transactionSource
fin,TABLE,transactionSource,sourceCode,NO,NO,NO,nvarchar(72),YES,,cTrader.fin.transactionSource
fin,TABLE,transactionSource,modified,NO,NO,NO,datetime,YES,(getdate()),cTrader.fin.transactionSource
fin,TABLE,TransactionType,ID,YES,NO,NO,int,NO,,cTrader.fin.TransactionType
fin,TABLE,TransactionType,typeName,NO,NO,YES,nvarchar(100),NO,,cTrader.fin.TransactionType
fin,TABLE,TransactionType,typeDescription,NO,NO,NO,nvarchar(510),YES,,cTrader.fin.TransactionType
fin,TABLE,TransactionType,modified,NO,NO,NO,datetime,YES,(getdate()),cTrader.fin.TransactionType
tms,VIEW,vw_bars_with_signals,ID,NO,NO,NO,bigint,NO,,cTrader.tms.vw_bars_with_signals
tms,VIEW,vw_bars_with_signals,TickerJID,NO,NO,NO,int,NO,,cTrader.tms.vw_bars_with_signals
tms,VIEW,vw_bars_with_signals,barTime,NO,NO,NO,datetime,NO,,cTrader.tms.vw_bars_with_signals
tms,VIEW,vw_bars_with_signals,timeframeID,NO,NO,NO,int,NO,,cTrader.tms.vw_bars_with_signals
tms,VIEW,vw_bars_with_signals,openValue,NO,NO,NO,float,NO,,cTrader.tms.vw_bars_with_signals
tms,VIEW,vw_bars_with_signals,closeValue,NO,NO,NO,float,NO,,cTrader.tms.vw_bars_with_signals
tms,VIEW,vw_bars_with_signals,highValue,NO,NO,NO,float,NO,,cTrader.tms.vw_bars_with_signals
tms,VIEW,vw_bars_with_signals,lowValue,NO,NO,NO,float,NO,,cTrader.tms.vw_bars_with_signals
tms,VIEW,vw_bars_with_signals,sourceID,NO,NO,NO,int,NO,,cTrader.tms.vw_bars_with_signals
tms,VIEW,vw_bars_with_signals,MA5,NO,NO,NO,float,YES,,cTrader.tms.vw_bars_with_signals
tms,VIEW,vw_bars_with_signals,MA20,NO,NO,NO,float,YES,,cTrader.tms.vw_bars_with_signals
tms,VIEW,vw_bars_with_signals,MA30,NO,NO,NO,float,YES,,cTrader.tms.vw_bars_with_signals
tms,VIEW,vw_bars_with_signals,MA50,NO,NO,NO,float,YES,,cTrader.tms.vw_bars_with_signals
tms,VIEW,vw_bars_with_signals,MA100,NO,NO,NO,float,YES,,cTrader.tms.vw_bars_with_signals
tms,VIEW,vw_bars_with_signals,MA200,NO,NO,NO,float,YES,,cTrader.tms.vw_bars_with_signals
tms,VIEW,vw_bars_with_signals,MA500,NO,NO,NO,float,YES,,cTrader.tms.vw_bars_with_signals
tms,VIEW,vw_bars_with_signals,Above_MA20,NO,NO,NO,int,NO,,cTrader.tms.vw_bars_with_signals
tms,VIEW,vw_bars_with_signals,Above_MA50,NO,NO,NO,int,NO,,cTrader.tms.vw_bars_with_signals
tms,VIEW,vw_bars_with_signals,Above_MA200,NO,NO,NO,int,NO,,cTrader.tms.vw_bars_with_signals
tms,VIEW,vw_bars_with_signals,Distance_MA20_Pct,NO,NO,NO,float,YES,,cTrader.tms.vw_bars_with_signals
tms,VIEW,vw_bars_with_signals,Distance_MA50_Pct,NO,NO,NO,float,YES,,cTrader.tms.vw_bars_with_signals
tms,VIEW,vw_bars_with_signals,Distance_MA200_Pct,NO,NO,NO,float,YES,,cTrader.tms.vw_bars_with_signals
tms,VIEW,vw_bars_with_signals,MA5_Direction,NO,NO,NO,varchar(4),NO,,cTrader.tms.vw_bars_with_signals
tms,VIEW,vw_bars_with_signals,MA5_20_Spread_Pct,NO,NO,NO,float,YES,,cTrader.tms.vw_bars_with_signals
tms,VIEW,vw_bars_with_signals,MA20_50_Spread_Pct,NO,NO,NO,float,YES,,cTrader.tms.vw_bars_with_signals
tms,VIEW,vw_Momentum_Signals,MomentumID,NO,NO,NO,bigint,NO,,cTrader.tms.vw_Momentum_Signals
tms,VIEW,vw_Momentum_Signals,TickerJID,NO,NO,NO,int,NO,,cTrader.tms.vw_Momentum_Signals
tms,VIEW,vw_Momentum_Signals,Symbol,NO,NO,NO,nvarchar(100),NO,,cTrader.tms.vw_Momentum_Signals
tms,VIEW,vw_Momentum_Signals,BarTime,NO,NO,NO,datetime2,NO,,cTrader.tms.vw_Momentum_Signals
tms,VIEW,vw_Momentum_Signals,TimeFrameID,NO,NO,NO,int,NO,,cTrader.tms.vw_Momentum_Signals
tms,VIEW,vw_Momentum_Signals,TimeFrameCode,NO,NO,NO,varchar(10),NO,,cTrader.tms.vw_Momentum_Signals
tms,VIEW,vw_Momentum_Signals,SourceID,NO,NO,NO,int,NO,,cTrader.tms.vw_Momentum_Signals
tms,VIEW,vw_Momentum_Signals,SourceName,NO,NO,NO,nvarchar(100),NO,,cTrader.tms.vw_Momentum_Signals
tms,VIEW,vw_Momentum_Signals,RSI_14,NO,NO,NO,"decimal(8,4)",YES,,cTrader.tms.vw_Momentum_Signals
tms,VIEW,vw_Momentum_Signals,RSI_7,NO,NO,NO,"decimal(8,4)",YES,,cTrader.tms.vw_Momentum_Signals
tms,VIEW,vw_Momentum_Signals,RSI_21,NO,NO,NO,"decimal(8,4)",YES,,cTrader.tms.vw_Momentum_Signals
tms,VIEW,vw_Momentum_Signals,RSI_ZScore,NO,NO,NO,"decimal(8,4)",YES,,cTrader.tms.vw_Momentum_Signals
tms,VIEW,vw_Momentum_Signals,RSI_Percentile,NO,NO,NO,"decimal(8,4)",YES,,cTrader.tms.vw_Momentum_Signals
tms,VIEW,vw_Momentum_Signals,RSI_Slope_5,NO,NO,NO,"decimal(8,4)",YES,,cTrader.tms.vw_Momentum_Signals
tms,VIEW,vw_Momentum_Signals,Momentum_Score,NO,NO,NO,"decimal(8,4)",YES,,cTrader.tms.vw_Momentum_Signals
tms,VIEW,vw_Momentum_Signals,Overbought_Flag,NO,NO,NO,bit,YES,,cTrader.tms.vw_Momentum_Signals
tms,VIEW,vw_Momentum_Signals,Oversold_Flag,NO,NO,NO,bit,YES,,cTrader.tms.vw_Momentum_Signals
tms,VIEW,vw_Momentum_Signals,RSI_Condition,NO,NO,NO,varchar(18),NO,,cTrader.tms.vw_Momentum_Signals
tms,VIEW,vw_Momentum_Signals,ZScore_Level,NO,NO,NO,varchar(12),NO,,cTrader.tms.vw_Momentum_Signals
tms,VIEW,vw_Momentum_Signals,RSI_Trend_Direction,NO,NO,NO,varchar(11),NO,,cTrader.tms.vw_Momentum_Signals
tms,VIEW,vw_Momentum_Signals,Trading_Signal,NO,NO,NO,varchar(11),NO,,cTrader.tms.vw_Momentum_Signals
tms,VIEW,vw_Momentum_Signals,BatchID,NO,NO,NO,uniqueidentifier,YES,,cTrader.tms.vw_Momentum_Signals
tms,VIEW,vw_Momentum_Signals,CalculationTimeMS,NO,NO,NO,int,YES,,cTrader.tms.vw_Momentum_Signals
tms,VIEW,vw_Momentum_Signals,CreatedDate,NO,NO,NO,datetime2,YES,,cTrader.tms.vw_Momentum_Signals
tms,VIEW,vw_Momentum_Signals,ModifiedDate,NO,NO,NO,datetime2,YES,,cTrader.tms.vw_Momentum_Signals
tms,VIEW,vw_Momentum_Signals,Minutes_Since_Bar,NO,NO,NO,int,YES,,cTrader.tms.vw_Momentum_Signals
